"K","IncDrugs","EnrichedClusters","Percentage","EnrichedClustersDT","PercentageDT","Pval_ATC","Pval_DT"
106,1309,19,17.92,9,8.49,0.345648123828136,0.114271174596654
106,1309,8,7.55,13,12.26,0.853202778978927,0.07932632681326
106,1309,17,16.04,5,4.72,0.0581856045029408,0.247477158836467
106,1309,24,22.64,12,11.32,0.0148629944095596,0.843471687471735
106,1309,11,10.38,3,2.83,0.576427829749297,0.938772367771881
106,1309,17,16.04,9,8.49,0.685790993616367,0.81954066840354
106,1309,16,15.09,8,7.55,0.754150860997509,0.7196231034322
106,1309,15,14.15,15,14.15,0.343503784065531,0.000952904969381964
106,1309,15,14.15,10,9.43,0.913954010298802,0.727868270948352
106,1309,23,21.7,9,8.49,0.0493530456775287,0.727096467641285
106,1309,10,9.43,3,2.83,0.689259205067793,0.799420609069344
106,1309,21,19.81,14,13.21,0.135801038696433,0.45315231344072
106,1309,11,10.38,13,12.26,0.979154213043604,0.785687290091238
106,1309,16,15.09,5,4.72,0.687001829627369,0.792636719238698
106,1309,10,9.43,10,9.43,0.769593741500854,0.336277009259124
106,1309,18,16.98,10,9.43,0.291242108777438,0.637993155159111
106,1309,14,13.21,11,10.38,0.304636403843724,0.00804904603427942
106,1309,16,15.09,14,13.21,0.228758370933015,0.257907636330684
106,1309,18,16.98,11,10.38,0.771840862876706,0.00513328787948704
106,1309,12,11.32,9,8.49,0.762827158178945,0.0714512383964653
106,1309,17,16.04,11,10.38,0.686368718198208,0.848486087677278
106,1309,18,16.98,14,13.21,0.539382482308667,0.221053460201946
106,1309,20,18.87,8,7.55,0.0857487690130248,0.776482453714184
106,1309,14,13.21,13,12.26,0.128313864509628,0.286999073551492
106,1309,16,15.09,11,10.38,0.65539571746122,0.769879631531792
106,1309,14,13.21,9,8.49,0.719866026163587,0.343822761595942
106,1309,14,13.21,3,2.83,0.376743951021821,0.794247188616308
106,1309,12,11.32,7,6.6,0.981767379698443,0.598380538429453
106,1309,15,14.15,10,9.43,0.31915755004019,0.0840816873540991
106,1309,20,18.87,8,7.55,0.620849629804869,0.573698690166373
106,1309,14,13.21,8,7.55,0.483120611821111,0.214312973585011
106,1309,18,16.98,1,0.94,0.480059813937531,0.781410399409975
106,1309,16,15.09,1,0.94,0.497252987281113,0.172011806805825
106,1309,18,16.98,12,11.32,0.93765762585967,0.977639242546653
106,1309,15,14.15,9,8.49,0.685942524299576,0.209593307298253
106,1309,18,16.98,13,12.26,0.0430605791924674,0.0203187653832965
106,1309,17,16.04,1,0.94,0.380364898762289,0.989559437842428
106,1309,14,13.21,6,5.66,0.793593422762614,0.138488203592481
106,1309,16,15.09,8,7.55,0.889855743439339,0.408736820200549
106,1309,13,12.26,12,11.32,0.816027277502396,0.326428513696683
106,1309,17,16.04,6,5.66,0.778038119924718,0.603368939312726
106,1309,14,13.21,10,9.43,0.56753927782983,0.378528703697005
106,1309,14,13.21,4,3.77,0.874342273380452,0.511329882505743
106,1309,16,15.09,7,6.6,0.556039223875937,0.967586422727517
106,1309,16,15.09,11,10.38,0.0264615336832451,0.250371924708522
106,1309,14,13.21,14,13.21,0.967016316404849,0.562043462128336
106,1309,13,12.26,9,8.49,0.86312681881544,0.36443335686321
106,1309,18,16.98,0,0,0.533305463320023,0.999399375362814
106,1309,15,14.15,7,6.6,0.169302153828657,0.269987446775544
106,1309,11,10.38,1,0.94,0.279504958328552,0.965112145663059
106,1309,13,12.26,12,11.32,0.351981535798419,0.173463371158282
106,1309,19,17.92,5,4.72,0.205361469532295,0.149816307672771
106,1309,16,15.09,11,10.38,0.452927039798826,0.42992179219754
106,1309,19,17.92,9,8.49,0.0613432767982955,0.176272251020358
106,1309,18,16.98,10,9.43,0.820407874479979,0.605828497659995
106,1309,14,13.21,12,11.32,0.348914230970026,0.570471008875024
106,1309,16,15.09,9,8.49,0.178766178755345,0.187921042828986
106,1309,12,11.32,0,0,0.589197300062553,0.94736970897285
106,1309,10,9.43,8,7.55,0.50942325778501,0.377136841759677
106,1309,18,16.98,9,8.49,0.122786027797817,0.229622501323433
106,1309,13,12.26,2,1.89,0.785371092648338,0.468882973562887
106,1309,12,11.32,14,13.21,0.910096381463837,0.205336246073339
106,1309,11,10.38,1,0.94,0.901416536119298,0.972761991209887
106,1309,28,26.42,19,17.92,0.0213995068812681,0.435915161627783
106,1309,17,16.04,6,5.66,0.240289927359672,0.141272131951204
106,1309,12,11.32,6,5.66,0.366969843932088,0.436900444094218
106,1309,14,13.21,14,13.21,0.40188293362897,0.20688133045923
106,1309,22,20.75,13,12.26,0.120163886802065,0.615985222465284
106,1309,18,16.98,3,2.83,0.486854002838015,0.355504626939076
106,1309,14,13.21,8,7.55,0.167786265075793,0.499993164644917
106,1309,17,16.04,8,7.55,0.559083815246256,0.154522017429802
106,1309,15,14.15,6,5.66,0.22769094640097,0.862395593066396
106,1309,18,16.98,5,4.72,0.548642745136243,0.7000801080584
106,1309,22,20.75,9,8.49,0.00463198334375583,0.96041495508901
106,1309,15,14.15,0,0,0.492484124404138,0.300906812956934
106,1309,16,15.09,10,9.43,0.0288198308223341,0.27370961611214
106,1309,16,15.09,10,9.43,0.46814471873823,0.832870459371666
106,1309,13,12.26,13,12.26,0.493555935555358,0.0681634977453926
106,1309,19,17.92,7,6.6,0.240809396578033,0.00111197659826227
106,1309,15,14.15,15,14.15,0.905295643596303,0.892030082493912
106,1309,19,17.92,10,9.43,0.276489797622405,0.789626730090466
106,1309,10,9.43,13,12.26,0.91077678933139,0.387819788348158
106,1309,14,13.21,5,4.72,0.430333249548692,0.762320146412996
106,1309,13,12.26,5,4.72,0.569307341090801,0.11071160298111
106,1309,13,12.26,4,3.77,0.848895225192654,0.992171883735143
106,1309,13,12.26,9,8.49,0.530651797001885,0.133611179157338
106,1309,13,12.26,10,9.43,0.673880964077088,0.0288250290602941
106,1309,14,13.21,15,14.15,0.606604452998314,0.226499043214519
106,1309,17,16.04,3,2.83,0.332465452909123,0.243359495562486
106,1309,14,13.21,7,6.6,0.728370181460087,0.670173753456593
106,1309,18,16.98,6,5.66,0.22061089654101,0.547879522046745
106,1309,15,14.15,4,3.77,0.605539516961546,0.857525065584031
106,1309,14,13.21,0,0,0.864590604534847,0.960793682233807
106,1309,19,17.92,1,0.94,0.00910075539994611,0.0960176205236458
106,1309,10,9.43,11,10.38,0.94236289338864,0.502545495188191
106,1309,18,16.98,12,11.32,0.0824793391206124,0.00225151815833181
106,1309,16,15.09,8,7.55,0.0707650759434567,0.244314682563321
106,1309,11,10.38,13,12.26,0.405128392735325,0.533081620833605
106,1309,16,15.09,13,12.26,0.488398651612488,0.0483696387557154
106,1309,12,11.32,7,6.6,0.363094306496773,0.354412887286042
106,1309,12,11.32,12,11.32,0.9581023080837,0.164492665924141
106,1309,16,15.09,14,13.21,0.266356318963807,0.0388308868921871
106,1309,14,13.21,3,2.83,0.123324491957524,0.427423700215466
106,1309,19,17.92,2,1.89,0.0027797159369044,0.77659015365352
106,1309,16,15.09,6,5.66,0.0321252300620353,0.562827861251449
106,1309,14,13.21,5,4.72,0.888426766151129,0.648467203153539
106,1309,12,11.32,7,6.6,0.720285156780228,0.997008857804361
106,1309,19,17.92,9,8.49,0.292348510914807,0.619243675769696
106,1309,17,16.04,3,2.83,0.483120611821111,0.649012926113886
106,1309,9,8.49,9,8.49,0.946289970487626,0.572184251372429
106,1309,15,14.15,10,9.43,0.22309305030372,0.712957716411143
106,1309,14,13.21,1,0.94,0.810885359568988,0.965802693036811
106,1309,14,13.21,13,12.26,0.826537092723988,0.213203866977496
106,1309,14,13.21,3,2.83,0.914114891452749,0.484456843963779
106,1309,12,11.32,13,12.26,0.529796941666452,0.906920507660213
106,1309,13,12.26,10,9.43,0.886983325078306,0.107173084974834
106,1309,12,11.32,14,13.21,0.883383275512349,0.731179159149349
106,1309,19,17.92,15,14.15,0.0139692092874376,0.0645074436090049
106,1309,11,10.38,10,9.43,0.909220217377855,0.56093605065631
106,1309,16,15.09,9,8.49,0.175949183963782,0.880646034304718
106,1309,20,18.87,8,7.55,0.710270613169197,0.794247188616308
106,1309,19,17.92,13,12.26,0.336906680650666,0.054651546200846
106,1309,13,12.26,8,7.55,0.331796484085215,0.218878425832813
106,1309,17,16.04,6,5.66,0.556320143439223,0.596489084557642
106,1309,18,16.98,5,4.72,0.627252349177095,0.993543523114611
106,1309,16,15.09,9,8.49,0.00983137268227862,0.618283213698382
106,1309,17,16.04,12,11.32,0.840141436522125,0.137075134671309
106,1309,15,14.15,1,0.94,0.425804149444977,0.452809129629496
106,1309,16,15.09,12,11.32,0.596456405952882,0.631215574607669
106,1309,13,12.26,11,10.38,0.947298130817912,0.515987228296405
106,1309,12,11.32,0,0,0.759127544628015,0.169741300995134
106,1309,18,16.98,10,9.43,0.23914494859001,0.700784286406974
106,1309,11,10.38,3,2.83,0.310194912796582,0.824277935873593
106,1309,17,16.04,4,3.77,0.107048618844703,0.664435723032313
106,1309,17,16.04,12,11.32,0.766877726261245,0.814030500347712
106,1309,12,11.32,3,2.83,0.869553263267102,0.679700395708172
106,1309,15,14.15,0,0,0.260443858076683,0.00570119246992262
106,1309,15,14.15,6,5.66,0.0974777861749145,0.0717329015424275
106,1309,14,13.21,9,8.49,0.605375926745171,0.436900444094218
106,1309,19,17.92,2,1.89,0.0100517655353674,0.0133729485614429
106,1309,18,16.98,7,6.6,0.765877728933516,0.550592016148873
106,1309,9,8.49,13,12.26,0.0284953356385748,0.000713557522021376
106,1309,9,8.49,8,7.55,0.532321808458729,0.187921159234037
106,1309,14,13.21,1,0.94,0.443358330714786,0.815026589122944
106,1309,16,15.09,17,16.04,0.89388592299215,0.685470112273792
106,1309,18,16.98,16,15.09,0.103027872880836,0.122219696832765
106,1309,17,16.04,3,2.83,0.31353774337412,0.936906562647363
106,1309,13,12.26,14,13.21,0.953188110825871,0.292498109268676
106,1309,18,16.98,1,0.94,0.659251486067255,0.889372798520392
106,1309,15,14.15,7,6.6,0.89472247887939,0.195407458679805
106,1309,13,12.26,0,0,0.660798382866106,0.397363169987464
106,1309,17,16.04,2,1.89,0.0616478446845867,0.15901725773576
106,1309,15,14.15,2,1.89,0.528029858853745,0.358262028091584
106,1309,14,13.21,0,0,0.787590233023116,0.41961811477023
106,1309,18,16.98,13,12.26,0.292463698651531,0.0182667268831633
106,1309,18,16.98,9,8.49,0.601243055535486,0.388974724169887
106,1309,13,12.26,1,0.94,0.649902095185537,0.96981919447711
106,1309,13,12.26,10,9.43,0.9455467750493,0.82981352691627
106,1309,16,15.09,9,8.49,0.0236323033909095,0.091411202968005
106,1309,6,5.66,5,4.72,0.999343324547597,0.882544040959015
106,1309,15,14.15,12,11.32,0.998466821916243,0.870266118442573
106,1309,13,12.26,11,10.38,0.297178533925238,0.07932632681326
106,1309,15,14.15,12,11.32,0.800955952866264,0.756915437375082
106,1309,14,13.21,10,9.43,0.831067722685353,0.740752773913403
106,1309,14,13.21,6,5.66,0.902828109663813,0.974403277727896
106,1309,14,13.21,9,8.49,0.45509349769238,0.741734787072814
106,1309,17,16.04,8,7.55,0.0856843066213812,0.316117560002582
106,1309,14,13.21,7,6.6,0.389543209178218,0.749510570938364
106,1309,12,11.32,3,2.83,0.648246636629368,0.621916107780956
106,1309,16,15.09,5,4.72,0.786332656826211,0.928201914853237
106,1309,21,19.81,16,15.09,0.0597226557485989,0.49093577724954
106,1309,19,17.92,4,3.77,0.464352708753614,0.422214528410895
106,1309,11,10.38,5,4.72,0.771845142437455,0.671585387611525
106,1309,17,16.04,14,13.21,0.447800965024646,0.512586977619246
106,1309,11,10.38,4,3.77,0.949702888314396,0.935333458603855
106,1309,15,14.15,10,9.43,0.654094300702761,0.383592772619022
106,1309,19,17.92,10,9.43,0.215467804164722,0.715686275821765
106,1309,13,12.26,9,8.49,0.356229468845857,0.0048428055321291
106,1309,15,14.15,11,10.38,0.0569722668374116,0.439373844316504
106,1309,16,15.09,5,4.72,0.5143676282443,0.797705923387236
106,1309,18,16.98,16,15.09,0.446906384442786,0.866025589962804
106,1309,14,13.21,12,11.32,0.916221249560174,0.36443335686321
106,1309,13,12.26,9,8.49,0.765538013758578,0.971095938369738
106,1309,20,18.87,8,7.55,0.0137081493712106,0.665609006609824
106,1309,24,22.64,7,6.6,0.303683228478758,0.571355953295859
106,1309,22,20.75,5,4.72,0.122915740802028,0.972752228697158
106,1309,17,16.04,7,6.6,0.0931297934074664,0.426175140361629
106,1309,15,14.15,12,11.32,0.684172678848955,0.224918007712076
106,1309,17,16.04,4,3.77,0.00267629419853522,0.478753477478182
106,1309,11,10.38,7,6.6,0.632172520177752,0.725758087355631
106,1309,19,17.92,6,5.66,0.46191111856213,0.269808503441966
106,1309,12,11.32,8,7.55,0.822126766658006,0.258356447244343
106,1309,16,15.09,8,7.55,0.0860017482787939,0.299706516708989
106,1309,14,13.21,5,4.72,0.720610980588195,0.327122948244391
106,1309,14,13.21,2,1.89,0.253046616143078,0.684360891553436
106,1309,17,16.04,1,0.94,0.871215996315176,0.564769395779132
106,1309,15,14.15,5,4.72,0.362768046377577,0.021834005639508
106,1309,15,14.15,14,13.21,0.55137313516137,0.362036558712891
106,1309,17,16.04,9,8.49,0.285731042090752,0.100227872068699
106,1309,12,11.32,15,14.15,0.983824255005155,0.726195686320265
106,1309,18,16.98,12,11.32,0.120264404995297,0.0126963928762685
106,1309,12,11.32,8,7.55,0.58694126837062,0.688693398764452
106,1309,7,6.6,9,8.49,0.453488788194926,0.133323271578909
106,1309,11,10.38,9,8.49,0.496491115878616,0.616648063883718
106,1309,15,14.15,1,0.94,0.650797183911322,0.158411852556107
106,1309,17,16.04,4,3.77,0.73165622016915,0.74275248794727
106,1309,17,16.04,6,5.66,0.0780886449301719,0.527920981593599
106,1309,17,16.04,0,0,0.842171607684838,0.513051811454062
106,1309,14,13.21,6,5.66,0.620009044767722,0.188753270408925
106,1309,15,14.15,2,1.89,0.913533745323017,0.839043705766003
106,1309,16,15.09,4,3.77,0.120318436728765,0.63875825350896
106,1309,12,11.32,12,11.32,0.886360260828248,0.423791790350691
106,1309,16,15.09,9,8.49,0.595631199335566,0.952237334040388
106,1309,18,16.98,17,16.04,0.0746366263936063,0.476114488395591
106,1309,15,14.15,10,9.43,0.267100103650283,0.70083938463975
106,1309,18,16.98,14,13.21,0.0156978309129255,0.0158574435363664
106,1309,11,10.38,11,10.38,0.880415133396735,0.7664780221503
106,1309,11,10.38,12,11.32,0.994130047639656,0.47124057664483
106,1309,16,15.09,6,5.66,0.140287728075801,0.720469763198642
106,1309,19,17.92,8,7.55,0.274840421715708,0.143489494137594
106,1309,18,16.98,7,6.6,0.205600133563195,0.984876413389571
106,1309,11,10.38,8,7.55,0.901576931297698,0.881212438434361
106,1309,18,16.98,10,9.43,0.644924767388414,0.520118174731288
106,1309,14,13.21,5,4.72,0.987998452639347,0.944576044120747
106,1309,7,6.6,3,2.83,0.999443570656977,0.872856905625056
106,1309,15,14.15,3,2.83,0.753169918051876,0.277486803882103
106,1309,15,14.15,16,15.09,0.637569151568299,0.000138882391349607
106,1309,16,15.09,7,6.6,0.544260317361151,0.894874000705488
106,1309,13,12.26,10,9.43,0.527231387240511,0.815325800285007
106,1309,16,15.09,0,0,0.357058147636865,0.533007446457552
106,1309,15,14.15,0,0,0.698181652235792,0.979344995256633
106,1309,13,12.26,6,5.66,0.54909812535459,0.593381148320596
106,1309,14,13.21,6,5.66,0.694557383882517,0.94449406078714
106,1309,20,18.87,10,9.43,0.150978663012228,0.567561520249931
106,1309,19,17.92,9,8.49,0.44511277298171,0.234948448343101
106,1309,15,14.15,8,7.55,0.884264015533101,0.192994306213898
106,1309,12,11.32,6,5.66,0.564961179061965,0.886037936811301
106,1309,15,14.15,8,7.55,0.335508069874164,0.0874485728822981
106,1309,12,11.32,9,8.49,0.554552754554028,0.842751559133518
106,1309,18,16.98,9,8.49,0.0793205453857403,0.047009534346951
106,1309,12,11.32,8,7.55,0.498155984288811,0.260615449867808
106,1309,18,16.98,5,4.72,0.346162613165532,0.47775840346676
106,1309,15,14.15,7,6.6,0.71758670349655,0.0725900871489942
106,1309,12,11.32,6,5.66,0.928656109533797,0.0997306526125597
106,1309,17,16.04,10,9.43,0.037464684052619,0.733103091325636
106,1309,14,13.21,2,1.89,0.644489966756248,0.706623511736134
106,1309,17,16.04,13,12.26,0.500134953330644,0.48290015445041
106,1309,14,13.21,4,3.77,0.590560323737111,0.57008414209039
106,1309,17,16.04,17,16.04,0.302443017008581,0.0349278962937938
106,1309,13,12.26,13,12.26,0.913089286088157,0.674916424259779
106,1309,21,19.81,2,1.89,0.228767967396935,0.516167919187754
106,1309,20,18.87,11,10.38,0.0686903108732669,0.614550229732762
106,1309,13,12.26,5,4.72,0.769572764214017,0.996613412583681
106,1309,19,17.92,11,10.38,0.0282667369130207,0.102220168803678
106,1309,18,16.98,2,1.89,0.367967419247676,0.84703657987416
106,1309,11,10.38,2,1.89,0.312030457251449,0.347611854913714
106,1309,15,14.15,3,2.83,0.251769956323772,0.938018718717821
106,1309,14,13.21,9,8.49,0.477316147653516,0.790486317351172
106,1309,16,15.09,5,4.72,0.504921070664201,0.782701303892394
106,1309,13,12.26,9,8.49,0.16411823678501,0.754913956950949
106,1309,16,15.09,5,4.72,0.614764878404344,0.994319083178735
106,1309,15,14.15,9,8.49,0.503033240425156,0.377679866148521
106,1309,14,13.21,8,7.55,0.706248755814235,0.825033615898991
106,1309,15,14.15,12,11.32,0.293218661291553,0.823476918471276
106,1309,17,16.04,13,12.26,0.550449036339178,0.138598782505048
106,1309,0,0,3,2.83,0.994698205987516,0.851204456245971
106,1309,9,8.49,6,5.66,0.978150459466753,0.732547816112652
106,1309,15,14.15,14,13.21,0.146388610341168,0.265432562315122
106,1309,14,13.21,10,9.43,0.464352708753614,0.320540400484206
106,1309,14,13.21,7,6.6,0.661845136336396,0.506024780556327
106,1309,14,13.21,12,11.32,0.500241944212535,0.717274306674231
106,1309,19,17.92,14,13.21,0.296370798370925,0.604601681114101
106,1309,13,12.26,1,0.94,0.970480819020432,0.662538796122143
106,1309,12,11.32,6,5.66,0.765538013758578,0.959534447251739
106,1309,8,7.55,5,4.72,0.964379606777817,0.685336543259582
106,1309,17,16.04,8,7.55,0.621747362871453,0.38231758844221
106,1309,15,14.15,13,12.26,0.18269290681322,0.565250553637963
106,1309,11,10.38,6,5.66,0.925355345193141,0.724059000398369
106,1309,16,15.09,8,7.55,0.00726031954661446,0.864759291434885
106,1309,11,10.38,5,4.72,0.371149715331089,0.185382769630265
106,1309,13,12.26,2,1.89,0.134979823921339,0.162848064485743
106,1309,15,14.15,14,13.21,0.746323310320022,0.446119794255041
106,1309,13,12.26,0,0,0.741015223104306,0.80434508527115
106,1309,14,13.21,9,8.49,0.662741267694937,0.396387055133148
106,1309,17,16.04,7,6.6,0.15218991272844,0.14634031043001
106,1309,13,12.26,6,5.66,0.866405750950056,0.883742260524056
106,1309,14,13.21,13,12.26,0.222772883437452,0.263475569210507
106,1309,22,20.75,15,14.15,0.0019410100073749,0.117522389727093
106,1309,17,16.04,9,8.49,0.386345683644744,0.980747674279037
106,1309,15,14.15,6,5.66,0.191238662046532,0.681021174331
106,1309,17,16.04,8,7.55,0.196931302609425,0.862271067757396
106,1309,12,11.32,13,12.26,0.750173090112448,0.649622422381543
106,1309,16,15.09,5,4.72,0.219587056922252,0.343924246864047
106,1309,19,17.92,4,3.77,0.498715461132481,0.999858615425924
106,1309,15,14.15,9,8.49,0.164965774017118,0.693217147911348
106,1309,11,10.38,13,12.26,0.774139668054711,0.322570914653145
106,1309,17,16.04,12,11.32,0.384169764738422,0.174135287453775
106,1309,14,13.21,5,4.72,0.0122513617507325,0.817014093474399
106,1309,8,7.55,9,8.49,0.993056722342568,0.969500411179971
106,1309,12,11.32,3,2.83,0.220169157356426,0.877432945267717
106,1309,20,18.87,12,11.32,0.445547817131814,0.738391186945789
106,1309,18,16.98,10,9.43,0.2959683390559,0.985600860152049
106,1309,14,13.21,8,7.55,0.458571293095053,0.819590314179256
106,1309,17,16.04,5,4.72,0.113634580862528,0.400952209878623
106,1309,20,18.87,11,10.38,0.522197947674547,0.876490290181716
106,1309,16,15.09,0,0,0.366764988586248,0.755055067765103
106,1309,18,16.98,11,10.38,0.0751964256656487,0.408547608385208
106,1309,18,16.98,9,8.49,0.200939617144365,0.961205706073575
106,1309,11,10.38,0,0,0.668604414562904,0.237311149429983
106,1309,14,13.21,7,6.6,0.744208139978876,0.688785629310037
106,1309,14,13.21,11,10.38,0.517340489081467,0.50509606382308
106,1309,17,16.04,7,6.6,0.45048491378121,0.99783997635693
106,1309,18,16.98,9,8.49,0.484013114989063,0.733816699182041
106,1309,11,10.38,7,6.6,0.721847180833588,0.330499311231659
106,1309,11,10.38,8,7.55,0.47960658361547,0.0983844041220271
106,1309,13,12.26,10,9.43,0.351567413373502,0.472493068645282
106,1309,17,16.04,7,6.6,0.64210760189046,0.14247794539676
106,1309,13,12.26,14,13.21,0.816046006337545,0.515464554483008
106,1309,10,9.43,2,1.89,0.799108018941814,0.812817324551212
106,1309,12,11.32,8,7.55,0.904799153518411,0.744988346656418
106,1309,15,14.15,2,1.89,0.817423483734416,0.696713850277736
106,1309,14,13.21,11,10.38,0.371679822059973,0.726070220043083
106,1309,14,13.21,12,11.32,0.302515248854781,0.113992452518723
106,1309,18,16.98,11,10.38,0.50942325778501,0.659725361943003
106,1309,16,15.09,4,3.77,0.413885710614779,0.255044725219647
106,1309,13,12.26,6,5.66,0.469527436109546,0.644790721063926
106,1309,16,15.09,12,11.32,0.303662510915911,0.149475800196545
106,1309,15,14.15,0,0,0.445564593884202,0.398451406185239
106,1309,12,11.32,5,4.72,0.796254879335347,0.187035036242402
106,1309,16,15.09,10,9.43,0.386773539210957,0.0850199557186053
106,1309,12,11.32,10,9.43,0.912393170974189,0.915143095276483
106,1309,14,13.21,0,0,0.670241258741778,0.379388546229375
106,1309,14,13.21,12,11.32,0.651918403511147,0.225593144176462
106,1309,18,16.98,7,6.6,0.164106213127554,0.842751559133518
106,1309,14,13.21,10,9.43,0.750279336919624,0.873059079374991
106,1309,16,15.09,2,1.89,0.470165913174289,0.531237204700495
106,1309,17,16.04,4,3.77,0.320971557491499,0.912452360226223
106,1309,12,11.32,5,4.72,0.413391925305279,0.672356523499838
106,1309,18,16.98,8,7.55,0.595198303897536,0.752986547020283
106,1309,13,12.26,15,14.15,0.998902867302092,0.479004162927166
106,1309,16,15.09,1,0.94,0.753204384543507,0.804813960922015
106,1309,15,14.15,8,7.55,0.645325302674198,0.840510986422861
106,1309,15,14.15,5,4.72,0.440645753428855,0.914999530454095
106,1309,19,17.92,8,7.55,0.314055279138474,0.451751400807951
106,1309,11,10.38,9,8.49,0.651966239242409,0.0502081527042426
106,1309,20,18.87,15,14.15,0.0338717266530414,0.0480186661544458
106,1309,11,10.38,0,0,0.965776976661897,0.971367448554002
106,1309,12,11.32,16,15.09,0.883383275512349,0.327685573006832
106,1309,12,11.32,0,0,0.866254364607409,0.958840009738704
106,1309,14,13.21,3,2.83,0.991122050950784,0.685336543259582
106,1309,17,16.04,10,9.43,0.223447032169618,0.631789805928144
106,1309,18,16.98,4,3.77,0.371679822059973,0.280413943944554
106,1309,21,19.81,19,17.92,0.0612002600473343,0.301744459047724
106,1309,14,13.21,5,4.72,0.947936537577933,0.673326478156207
106,1309,21,19.81,14,13.21,0.352797057139537,0.0686215594607429
106,1309,18,16.98,13,12.26,0.673896809527726,0.457944208978668
106,1309,19,17.92,3,2.83,0.0786069953089621,0.891867796732793
106,1309,11,10.38,12,11.32,0.873046254186473,0.246444778176576
106,1309,12,11.32,11,10.38,0.920805398345107,0.998486851325959
106,1309,15,14.15,11,10.38,0.776321890056368,0.242276716523581
106,1309,20,18.87,13,12.26,0.257218771295704,0.172968960805241
106,1309,14,13.21,9,8.49,0.0225896732803324,0.75778766161823
106,1309,14,13.21,4,3.77,0.635975476567291,0.713583219661764
106,1309,16,15.09,6,5.66,0.0389800853226252,0.124295817588065
106,1309,20,18.87,14,13.21,0.444222913352409,0.991912744159485
106,1309,10,9.43,6,5.66,0.967078059923861,0.434427973646742
106,1309,11,10.38,6,5.66,0.88510609652558,0.451064756118604
106,1309,13,12.26,11,10.38,0.589504736091197,0.266882834248437
106,1309,16,15.09,4,3.77,0.811013276421002,0.832838772521264
106,1309,12,11.32,5,4.72,0.924106366053503,0.906391324215918
106,1309,13,12.26,4,3.77,0.386699814200524,0.823967043421737
106,1309,20,18.87,14,13.21,0.166100033752472,0.567561520249931
106,1309,17,16.04,5,4.72,0.981781035790285,0.959405019870055
106,1309,18,16.98,15,14.15,0.474165465057722,0.000140485837963073
106,1309,23,21.7,2,1.89,0.446875870950122,0.20280644651129
106,1309,13,12.26,12,11.32,0.894631132712753,0.707466681964602
106,1309,16,15.09,1,0.94,0.870725660480539,0.868087205637194
106,1309,17,16.04,5,4.72,0.818076577770348,0.438434816457976
106,1309,11,10.38,3,2.83,0.982293632581764,0.925915597880007
106,1309,18,16.98,13,12.26,0.35539964797444,0.898057744865201
106,1309,14,13.21,8,7.55,0.438943834150555,0.000624118537180058
106,1309,14,13.21,12,11.32,0.473258229715651,0.36443335686321
106,1309,13,12.26,12,11.32,0.290847392291687,0.346182970921056
106,1309,12,11.32,2,1.89,0.979397624820703,0.640574992660782
106,1309,11,10.38,6,5.66,0.553190840881625,0.275347019596604
106,1309,15,14.15,5,4.72,0.804665070618603,0.176908231334654
106,1309,14,13.21,9,8.49,0.710270613169197,0.150462723860086
106,1309,7,6.6,7,6.6,0.996159125296149,0.999012304264089
106,1309,14,13.21,12,11.32,0.704241804199881,0.0019117060177493
106,1309,13,12.26,1,0.94,0.497381010839522,0.636035238168253
106,1309,17,16.04,6,5.66,0.816622675631116,0.972038625187424
106,1309,15,14.15,3,2.83,0.846450077617748,0.914545374319477
106,1309,14,13.21,0,0,0.333071923392507,0.862061794709088
106,1309,16,15.09,10,9.43,0.795462836127253,0.476673326767733
106,1309,19,17.92,9,8.49,0.69657857868675,0.106829338509985
106,1309,24,22.64,8,7.55,0.00630650997996458,0.262426330259737
106,1309,19,17.92,10,9.43,0.76854118526201,0.800552234697197
106,1309,15,14.15,10,9.43,0.965494517207303,0.340337331424874
106,1309,11,10.38,7,6.6,0.961415703258555,0.898474524067545
106,1309,17,16.04,9,8.49,0.150249086201941,0.805885298855111
106,1309,13,12.26,10,9.43,0.915521736515932,0.797705923387236
106,1309,15,14.15,6,5.66,0.203477755438843,0.152109457409775
106,1309,16,15.09,2,1.89,0.560440482537356,0.0319999692812803
106,1309,18,16.98,0,0,0.0727077379114981,0.621662876598039
106,1309,11,10.38,11,10.38,0.765944880339018,0.382493887596302
106,1309,14,13.21,5,4.72,0.633185685688118,0.274984282406852
106,1309,18,16.98,10,9.43,0.0546165956326935,0.0874485728822981
106,1309,19,17.92,4,3.77,0.265637649946381,0.433671172187892
106,1309,14,13.21,2,1.89,0.904612113903975,0.639362201638294
106,1309,11,10.38,5,4.72,0.967310021224364,0.261437974419121
106,1309,13,12.26,8,7.55,0.678474039319225,0.669749900660059
106,1309,14,13.21,7,6.6,0.69540656853146,0.51654911955897
106,1309,12,11.32,11,10.38,0.895817953711962,0.136428665815762
106,1309,14,13.21,10,9.43,0.36464967453463,0.72451207256938
106,1309,13,12.26,5,4.72,0.876689829846614,0.786135575278682
106,1309,18,16.98,13,12.26,0.4419312626504,0.806710557168806
106,1309,13,12.26,2,1.89,0.697760549179931,0.243225531245215
106,1309,17,16.04,10,9.43,0.48998850209144,0.552492136693191
106,1309,14,13.21,7,6.6,0.76387979338416,0.90049814539726
106,1309,16,15.09,16,15.09,0.167445021856215,0.00103222979926785
106,1309,12,11.32,0,0,0.937070094015047,0.56931509589875
106,1309,15,14.15,6,5.66,0.301236197267586,0.72451207256938
106,1309,18,16.98,10,9.43,0.446906384442786,0.570062797254994
106,1309,11,10.38,8,7.55,0.788058482855965,0.205641929959497
106,1309,17,16.04,2,1.89,0.145054707844578,0.507306269016873
106,1309,11,10.38,7,6.6,0.598865364562127,0.752352257401747
106,1309,17,16.04,11,10.38,0.201595197781809,0.120324277884113
106,1309,9,8.49,0,0,0.90665340525451,0.825076395680901
106,1309,12,11.32,14,13.21,0.637155286859076,0.203052488094261
106,1309,18,16.98,6,5.66,0.0113113178491865,0.694506358010369
106,1309,16,15.09,7,6.6,0.941644810399981,0.436548165217733
106,1309,16,15.09,7,6.6,0.383353111977258,0.115872073106429
106,1309,13,12.26,4,3.77,0.626321660135308,0.743228546834778
106,1309,18,16.98,4,3.77,0.623148463836222,0.732044401673366
106,1309,12,11.32,10,9.43,0.17871832342893,0.734385345954921
106,1309,15,14.15,7,6.6,0.722511681122763,0.649012926113886
106,1309,14,13.21,11,10.38,0.480580972382737,0.037383424976767
106,1309,16,15.09,5,4.72,0.48758164952669,0.960309634396489
106,1309,11,10.38,10,9.43,0.939161731629897,0.931509996083837
106,1309,13,12.26,8,7.55,0.764857636565504,0.585677602944252
106,1309,18,16.98,8,7.55,0.0668066051411929,0.880018385969411
106,1309,11,10.38,6,5.66,0.567599773958201,0.512891014995303
106,1309,17,16.04,1,0.94,0.511760828577842,0.937639004332697
106,1309,19,17.92,9,8.49,0.508523357929625,0.146719977119091
106,1309,12,11.32,10,9.43,0.867072427218798,0.573687115335141
106,1309,19,17.92,11,10.38,0.18464248632645,0.20398074859953
106,1309,18,16.98,9,8.49,0.524402666141353,0.271037451459831
106,1309,17,16.04,6,5.66,0.324227900440346,0.878892437918284
106,1309,14,13.21,2,1.89,0.910951154668359,0.836054959525115
106,1309,13,12.26,11,10.38,0.435124669276824,0.428233844768096
106,1309,15,14.15,16,15.09,0.842434192468201,0.188512946384177
106,1309,22,20.75,11,10.38,0.250845526776898,0.923832173269642
106,1309,14,13.21,9,8.49,0.511855668751756,0.571311782302719
106,1309,17,16.04,7,6.6,0.200474359698151,0.897674506090136
106,1309,10,9.43,7,6.6,0.82835319517113,0.709703932651005
106,1309,10,9.43,5,4.72,0.911160315507421,0.657825605266339
106,1309,14,13.21,10,9.43,0.668774071304454,0.875279681737599
106,1309,15,14.15,10,9.43,0.806744981162012,0.14595962355648
106,1309,13,12.26,4,3.77,0.985641053483087,0.961407969723495
106,1309,12,11.32,9,8.49,0.972397038307694,0.211869991807344
106,1309,12,11.32,7,6.6,0.358741869771403,0.334567962816369
106,1309,12,11.32,10,9.43,0.767664480033941,0.0126581333273071
106,1309,15,14.15,16,15.09,0.908211638810411,0.153293106309862
106,1309,15,14.15,9,8.49,0.0854492152294165,0.829649967282932
106,1309,12,11.32,14,13.21,0.197782075806872,0.0327495729375725
106,1309,19,17.92,6,5.66,0.192870007932512,0.545053739323171
106,1309,12,11.32,3,2.83,0.661385993081101,0.979296726365338
106,1309,12,11.32,8,7.55,0.698915191366798,0.546990939679598
106,1309,19,17.92,12,11.32,0.0939104000193127,0.0760037919975213
106,1309,11,10.38,12,11.32,0.92937977528672,0.718593093924565
106,1309,13,12.26,4,3.77,0.894270618716662,0.992785284857701
106,1309,20,18.87,13,12.26,0.194123762332572,0.938157441334275
106,1309,12,11.32,16,15.09,0.37192711345018,0.360800625974564
106,1309,11,10.38,8,7.55,0.691420160693174,0.591136119100127
106,1309,16,15.09,5,4.72,0.801097319969591,0.986977470794535
106,1309,19,17.92,11,10.38,0.695797512261469,0.939426759546778
106,1309,16,15.09,6,5.66,0.841752264323224,0.123514021347622
106,1309,17,16.04,10,9.43,0.597529090856596,0.304215179434049
106,1309,16,15.09,6,5.66,0.4988454245805,0.687454263950145
106,1309,15,14.15,7,6.6,0.188815559979754,0.530012425029799
106,1309,15,14.15,6,5.66,0.717996248899134,0.805205207550359
106,1309,11,10.38,9,8.49,0.990751603564335,0.918100555568437
106,1309,14,13.21,13,12.26,0.0768064493696833,0.042018176945995
106,1309,16,15.09,12,11.32,0.148668419369732,0.0133176541788067
106,1309,14,13.21,9,8.49,0.429419123043507,0.780148080500028
106,1309,10,9.43,14,13.21,0.991196954819284,0.774516588738074
106,1309,10,9.43,6,5.66,0.936497333111488,0.514004858732238
106,1309,12,11.32,2,1.89,0.596464950800775,0.864759291434885
106,1309,12,11.32,10,9.43,0.874457101452151,0.95538268454951
106,1309,14,13.21,0,0,0.48549584957794,0.559497380488272
106,1309,19,17.92,7,6.6,0.465526163989756,0.997878381598405
106,1309,11,10.38,6,5.66,0.990554605787024,0.998881294017434
106,1309,12,11.32,1,0.94,0.515562077482326,0.937864824649211
106,1309,11,10.38,5,4.72,0.595616015660571,0.771969504090659
106,1309,11,10.38,12,11.32,0.865925838977323,0.473746387983787
106,1309,15,14.15,7,6.6,0.479488845490248,0.721676700817334
106,1309,15,14.15,15,14.15,0.0989702504614581,0.31039437638688
106,1309,6,5.66,12,11.32,0.815846865884818,0.414426058691481
106,1309,19,17.92,9,8.49,0.181199819919552,0.331045097872488
106,1309,15,14.15,2,1.89,0.850873698857688,0.824786095541642
106,1309,15,14.15,5,4.72,0.829745127052735,0.929384837712447
106,1309,13,12.26,14,13.21,0.456007663318831,0.172305655191864
106,1309,14,13.21,10,9.43,0.192870007932512,0.426954683967815
106,1309,11,10.38,9,8.49,0.241046738634606,0.477971133607974
106,1309,16,15.09,9,8.49,0.747440020552708,0.794119124478564
106,1309,13,12.26,15,14.15,0.373843111649768,0.170724739971218
106,1309,19,17.92,11,10.38,0.0979737660232284,0.0456831786758874
106,1309,15,14.15,6,5.66,0.142935738173161,0.311570400460027
106,1309,18,16.98,5,4.72,0.515409629335186,0.809319155489554
106,1309,20,18.87,9,8.49,0.550007733038525,0.659940047216499
106,1309,13,12.26,6,5.66,0.737439271775665,0.989666985375902
106,1309,18,16.98,12,11.32,0.0461374424058394,0.814496569743254
106,1309,16,15.09,5,4.72,0.643049557497664,0.971660929200411
106,1309,9,8.49,12,11.32,0.987220778002164,0.583503731562416
106,1309,14,13.21,3,2.83,0.977106928762437,0.987522802188516
106,1309,12,11.32,6,5.66,0.360568082247591,0.60457644134169
106,1309,16,15.09,6,5.66,0.708233076210368,0.971459829710981
106,1309,11,10.38,6,5.66,0.267152630133807,0.191277436566852
106,1309,10,9.43,5,4.72,0.994896972418933,0.249076447862149
106,1309,12,11.32,4,3.77,0.95800047156711,0.921660496371644
106,1309,15,14.15,13,12.26,0.663269118253429,0.606966877296303
106,1309,15,14.15,0,0,0.639396533347185,0.965005344270903
106,1309,16,15.09,8,7.55,0.372987944715173,0.186201291032249
106,1309,13,12.26,4,3.77,0.878598548717426,0.535529118097327
106,1309,11,10.38,6,5.66,0.118174506744399,0.395074177703931
106,1309,16,15.09,2,1.89,0.750986056113789,0.476959772549931
106,1309,13,12.26,15,14.15,0.853566145432532,0.0183007907127437
106,1309,15,14.15,12,11.32,0.85140246335416,0.316041519071913
106,1309,15,14.15,5,4.72,0.55960598555747,0.256496184223958
106,1309,16,15.09,9,8.49,0.489810694020579,0.980869109724125
106,1309,8,7.55,1,0.94,0.999189106080803,0.615447489861173
106,1309,15,14.15,6,5.66,0.859672657121387,0.773565347914952
106,1309,20,18.87,13,12.26,0.195146902657767,0.0465634411713804
106,1309,18,16.98,12,11.32,0.543942205782366,0.94050488126565
106,1309,17,16.04,7,6.6,0.737798201942802,0.969744592035017
106,1309,10,9.43,3,2.83,0.994459899540111,0.917022680640093
106,1309,21,19.81,11,10.38,0.503160056422504,0.147232089741212
106,1309,17,16.04,6,5.66,0.11610802067527,0.492594302301311
106,1309,14,13.21,1,0.94,0.534491948461908,0.797072533794784
106,1309,16,15.09,15,14.15,0.190703259070723,0.00121707436761376
106,1309,18,16.98,11,10.38,0.064833696381013,0.7060678133903
106,1309,14,13.21,12,11.32,0.273327936112267,0.321727764963606
106,1309,17,16.04,9,8.49,0.254692288894065,0.789866828967553
106,1309,13,12.26,6,5.66,0.875334752636763,0.358308960227418
106,1309,11,10.38,7,6.6,0.954720702517054,0.569660067693428
106,1309,13,12.26,5,4.72,0.171804116747589,0.99166346477078
106,1309,14,13.21,9,8.49,0.648246636629368,0.892430846703213
106,1309,8,7.55,11,10.38,0.994788985151013,0.284721621729853
106,1309,13,12.26,6,5.66,0.482515755448833,0.334944255978885
106,1309,13,12.26,8,7.55,0.715488463711976,0.727489463574116
106,1309,16,15.09,11,10.38,0.19133472816308,0.56843893574039
106,1309,14,13.21,11,10.38,0.869168606193965,0.987454400461293
106,1309,16,15.09,13,12.26,0.701582429625718,0.28139977782325
106,1309,12,11.32,6,5.66,0.794395447741898,0.754084774064116
106,1309,18,16.98,12,11.32,0.825765623870083,0.0515504339552358
106,1309,17,16.04,14,13.21,0.625482571314578,0.355208231406501
106,1309,14,13.21,5,4.72,0.467812945808708,0.328460961263337
106,1309,10,9.43,9,8.49,0.344595383348327,0.641499747461699
106,1309,11,10.38,5,4.72,0.999657765780575,0.961323323573478
106,1309,17,16.04,15,14.15,0.237105489856378,0.632047662481132
106,1309,16,15.09,4,3.77,0.171054637923558,0.969536181888082
106,1309,17,16.04,12,11.32,0.467683773658383,0.213439975047591
106,1309,12,11.32,9,8.49,0.983262048808452,0.810796536657042
106,1309,17,16.04,0,0,0.480059813937531,0.742245571195201
106,1309,15,14.15,7,6.6,0.650482885067909,0.680667053698472
106,1309,14,13.21,1,0.94,0.0902093184605928,0.387824799169103
106,1309,14,13.21,13,12.26,0.814870377646437,0.698807884688799
106,1309,13,12.26,6,5.66,0.53144333961626,0.0687013233378739
106,1309,16,15.09,5,4.72,0.786051025024698,0.692020100595885
106,1309,16,15.09,10,9.43,0.297584278269884,0.231428014786578
106,1309,20,18.87,11,10.38,0.0560414538140084,0.38312530996299
106,1309,13,12.26,4,3.77,0.974546282661501,0.762000014968829
106,1309,14,13.21,9,8.49,0.711377828969544,0.80637998173171
106,1309,21,19.81,13,12.26,0.169990001268848,0.0782555191917038
106,1309,12,11.32,5,4.72,0.8481303870608,0.763953582922584
106,1309,17,16.04,11,10.38,0.494994551940008,0.587254605245202
106,1309,14,13.21,15,14.15,0.531518182617935,0.463225132113874
106,1309,15,14.15,14,13.21,0.0559432345703476,0.0409660366349063
106,1309,14,13.21,10,9.43,0.778038119924718,0.571290021995599
106,1309,21,19.81,16,15.09,0.548937455259317,0.564585284571553
106,1309,17,16.04,13,12.26,0.0401364523315621,0.0141849295981441
106,1309,15,14.15,1,0.94,0.745027696035663,0.655703791984114
106,1309,13,12.26,13,12.26,0.763174876861121,0.110556658664988
106,1309,16,15.09,8,7.55,0.0175733014416506,0.243856970961637
106,1309,17,16.04,11,10.38,0.446471167577979,0.637671642830822
106,1309,12,11.32,14,13.21,0.715367462251998,0.0660580319480681
106,1309,22,20.75,1,0.94,0.438145795971762,0.813514515940946
106,1309,18,16.98,10,9.43,0.363346033658045,0.900410650906578
106,1309,25,23.58,12,11.32,0.00351332139231708,0.220836743672406
106,1309,12,11.32,9,8.49,0.343104252908614,0.730190343427959
106,1309,13,12.26,8,7.55,0.979660767908927,0.492027038952357
106,1309,18,16.98,6,5.66,0.289782222501349,0.221853618187261
106,1309,17,16.04,11,10.38,0.863325654148706,0.15257010125434
106,1309,19,17.92,6,5.66,0.180093889040545,0.866083124028094
106,1309,18,16.98,13,12.26,0.00340357027065405,0.00670463203614404
106,1309,18,16.98,0,0,0.189129476511627,0.901131950280006
106,1309,13,12.26,0,0,0.254064545482741,0.477235691498543
106,1309,17,16.04,6,5.66,0.155375765312023,0.279498144885025
106,1309,13,12.26,5,4.72,0.907859622286648,0.379605078594958
106,1309,12,11.32,10,9.43,0.268266148107989,0.652518208102794
106,1309,18,16.98,8,7.55,0.69159036004108,0.790622430544898
106,1309,13,12.26,16,15.09,0.929616793767702,0.914620105446093
106,1309,13,12.26,10,9.43,0.153718121087745,0.728796412389775
106,1309,15,14.15,1,0.94,0.871279332065372,0.884552718410799
106,1309,13,12.26,4,3.77,0.516612097351662,0.752713653662998
106,1309,17,16.04,8,7.55,0.621706002251611,0.994923900586984
106,1309,14,13.21,10,9.43,0.378677719121694,0.117756466975338
106,1309,12,11.32,3,2.83,0.844523370913372,0.543315779768922
106,1309,13,12.26,5,4.72,0.439384354312256,0.491047601204904
106,1309,16,15.09,10,9.43,0.690210772653107,0.50509606382308
106,1309,14,13.21,7,6.6,0.565404136150781,0.788238780008775
106,1309,15,14.15,17,16.04,0.155098764946979,0.280146323376435
106,1309,11,10.38,2,1.89,0.961288019455338,0.497530879944987
106,1309,13,12.26,8,7.55,0.620849629804869,0.761364390444567
106,1309,19,17.92,3,2.83,0.454370600938574,0.863041551569848
106,1309,13,12.26,3,2.83,0.749373188200445,0.785885806215407
106,1309,21,19.81,9,8.49,0.201264032025514,0.325984237614271
106,1309,15,14.15,5,4.72,0.830913563677981,0.634702374978864
106,1309,19,17.92,5,4.72,0.0252096959346337,0.615025059572774
106,1309,18,16.98,11,10.38,0.0488109068144621,0.588050624423821
106,1309,10,9.43,5,4.72,0.880198435385629,0.189090750496491
106,1309,21,19.81,4,3.77,0.68609702204101,0.799903351692889
106,1309,12,11.32,8,7.55,0.526314676793462,0.830594125441766
106,1309,16,15.09,8,7.55,0.189712761926716,0.840668516365086
106,1309,15,14.15,4,3.77,0.72579801102903,0.138700078087844
106,1309,14,13.21,6,5.66,0.832613781957564,0.843221175963561
106,1309,14,13.21,8,7.55,0.865452449606244,0.877391995175153
106,1309,17,16.04,10,9.43,0.68195358752396,0.772674631360828
106,1309,15,14.15,1,0.94,0.246299166996226,0.0131007119216564
106,1309,15,14.15,12,11.32,0.756736853454199,0.082793005097901
106,1309,13,12.26,5,4.72,0.800363450172389,0.741228422737677
106,1309,15,14.15,13,12.26,0.569812251532002,0.0250775477823415
106,1309,16,15.09,8,7.55,0.39223258498108,0.16629582538687
106,1309,12,11.32,14,13.21,0.70240148995611,0.246444778176576
106,1309,11,10.38,0,0,0.733962738826329,0.453293572702615
106,1309,12,11.32,6,5.66,0.621275134862432,0.496457400588927
106,1309,11,10.38,6,5.66,0.683951374042043,0.828850550154553
106,1309,13,12.26,10,9.43,0.1246099037483,0.116492935040925
106,1309,22,20.75,14,13.21,0.222337758987153,0.190391296888484
106,1309,19,17.92,12,11.32,0.0431357016158948,0.212745728681679
106,1309,14,13.21,8,7.55,0.831348031589385,0.650178984934519
106,1309,20,18.87,10,9.43,0.256565401183508,0.184473904789378
106,1309,16,15.09,6,5.66,0.41993296506933,0.529781977653779
106,1309,14,13.21,11,10.38,0.0812347760342506,0.000325578033179453
106,1309,12,11.32,5,4.72,0.898824536766389,0.889777169792452
106,1309,21,19.81,10,9.43,0.000683488343848008,0.209694846807631
106,1309,20,18.87,17,16.04,0.817216715562086,0.0257339104637829
106,1309,12,11.32,7,6.6,0.775360916604963,0.0321650714333434
106,1309,15,14.15,3,2.83,0.138495490989124,0.191077601312039
106,1309,12,11.32,10,9.43,0.397066294458711,0.637600853505744
106,1309,11,10.38,8,7.55,0.921046491206219,0.103855567199294
106,1309,13,12.26,14,13.21,0.697390430614519,0.358941763739803
106,1309,11,10.38,5,4.72,0.733315330207243,0.169483967154864
106,1309,14,13.21,4,3.77,0.201264032025514,0.348985377881152
106,1309,17,16.04,13,12.26,0.421530637425571,0.797955045964541
106,1309,17,16.04,7,6.6,0.504470491456251,0.121601224559392
106,1309,15,14.15,15,14.15,0.534046748440677,0.228501513170673
106,1309,13,12.26,9,8.49,0.950670021131508,0.379252896935061
106,1309,9,8.49,6,5.66,0.535831920349668,0.671231758641737
106,1309,18,16.98,15,14.15,0.00237514561946339,0.0160279199500857
106,1309,14,13.21,6,5.66,0.730360409853703,0.969608417258027
106,1309,15,14.15,8,7.55,0.561344234428266,0.0260015808787265
106,1309,16,15.09,14,13.21,0.355376362052433,0.00765365486394028
106,1309,21,19.81,7,6.6,0.518224365699645,0.676070713250735
106,1309,14,13.21,8,7.55,0.0261210504479516,0.0403659620195024
106,1309,15,14.15,11,10.38,0.88630335194606,0.974919207741979
106,1309,14,13.21,13,12.26,0.207192604724793,0.510191511571
106,1309,13,12.26,10,9.43,0.894449371042743,0.319053325733646
106,1309,17,16.04,9,8.49,0.184140582031815,0.181809612328291
106,1309,15,14.15,13,12.26,0.670241258741778,0.935333458603855
106,1309,19,17.92,11,10.38,0.451543338255207,0.152410661803078
106,1309,5,4.72,12,11.32,0.972130193607061,0.684250064988252
106,1309,15,14.15,5,4.72,0.868978351311278,0.05638384282835
106,1309,15,14.15,3,2.83,0.668267192243313,0.748722321241648
106,1309,18,16.98,10,9.43,0.107423414260788,0.16046017624754
106,1309,16,15.09,12,11.32,0.00322479948764664,0.0419334845761517
106,1309,20,18.87,1,0.94,0.154036010323132,0.929898733339907
106,1309,17,16.04,7,6.6,0.195504756609273,0.156030641618934
106,1309,16,15.09,11,10.38,0.197389063159685,0.825282679649888
106,1309,17,16.04,8,7.55,0.347622352181024,0.894482751431598
106,1309,15,14.15,5,4.72,0.399392854745023,0.473109928114606
106,1309,19,17.92,4,3.77,0.154631824863182,0.493682563969357
106,1309,18,16.98,5,4.72,0.0291171290255943,0.0327501419137291
106,1309,19,17.92,2,1.89,0.751691529408553,0.90841103545656
106,1309,13,12.26,6,5.66,0.756595332345658,0.924553781241772
106,1309,16,15.09,6,5.66,0.625062725336506,0.567967790542868
106,1309,16,15.09,5,4.72,0.334117330798404,0.653116436319156
106,1309,13,12.26,18,16.98,0.602629267472261,0.0362388926210739
106,1309,13,12.26,1,0.94,0.554152253620866,0.914756571184694
106,1309,15,14.15,13,12.26,0.926448239590317,0.137278974823399
106,1309,17,16.04,10,9.43,0.767233431648744,0.989065366758276
106,1309,20,18.87,13,12.26,0.0674366940683242,0.942828706931252
106,1309,15,14.15,1,0.94,0.862178921803263,0.946053582084145
106,1309,18,16.98,8,7.55,0.889926533165547,0.391322216491304
106,1309,15,14.15,10,9.43,0.202890179569052,0.0550141969280206
106,1309,19,17.92,0,0,0.0430092662518449,0.72882748600347
106,1309,16,15.09,6,5.66,0.595234982979646,0.582008339103733
106,1309,17,16.04,1,0.94,0.474619044952331,0.965802693036811
106,1309,12,11.32,7,6.6,0.942453711224613,0.343302132162544
106,1309,14,13.21,12,11.32,0.577256741902732,0.632733482658624
106,1309,11,10.38,10,9.43,0.726265736851478,0.753342279689377
106,1309,15,14.15,7,6.6,0.926110923182066,0.748587144534166
106,1309,16,15.09,7,6.6,0.65539571746122,0.863479593537758
106,1309,18,16.98,13,12.26,0.213770051203297,0.816976552257011
106,1309,15,14.15,1,0.94,0.815435559369361,0.556253456433103
106,1309,19,17.92,4,3.77,0.112967536582107,0.225944034346761
106,1309,19,17.92,9,8.49,0.816631851192258,0.19276507221077
106,1309,16,15.09,7,6.6,0.0433802319460332,0.213697327294779
106,1309,14,13.21,10,9.43,0.851631378409335,0.271175633401622
106,1309,12,11.32,9,8.49,0.761164864856829,0.497613391810231
106,1309,7,6.6,5,4.72,0.966837193962069,0.924553781241772
106,1309,14,13.21,10,9.43,0.722117520724159,0.871960611335294
106,1309,16,15.09,2,1.89,0.702512947192268,0.659306313477171
106,1309,15,14.15,14,13.21,0.579238377970757,0.490698704633021
106,1309,22,20.75,3,2.83,0.408628529982808,0.271175633401622
106,1309,14,13.21,1,0.94,0.797168864000906,0.675696097456203
106,1309,17,16.04,3,2.83,0.501382897022622,0.99274257201735
106,1309,22,20.75,12,11.32,0.256489329231167,0.438283494984136
106,1309,17,16.04,4,3.77,0.350207343810783,0.727096467641285
106,1309,13,12.26,1,0.94,0.498607399739988,0.782736238386105
106,1309,14,13.21,2,1.89,0.984352153949042,0.677718737462281
106,1309,14,13.21,2,1.89,0.674782542872806,0.285886033383235
106,1309,13,12.26,5,4.72,0.821562202057295,0.881182584957696
106,1309,18,16.98,13,12.26,0.256513711020528,0.00923843796928814
106,1309,11,10.38,13,12.26,0.552213068726976,0.126443687852918
106,1309,11,10.38,17,16.04,0.949366230084215,0.0296652779916786
106,1309,12,11.32,11,10.38,0.53144333961626,0.351609380943373
106,1309,12,11.32,9,8.49,0.985525621548061,0.932346256118878
106,1309,13,12.26,2,1.89,0.795278800929729,0.883389394375854
106,1309,19,17.92,12,11.32,0.216140348849072,0.235377597201743
106,1309,14,13.21,5,4.72,0.870760083588988,0.253891369790583
106,1309,18,16.98,9,8.49,0.480890021094354,0.0790337149155086
106,1309,13,12.26,9,8.49,0.475518492260454,0.0486726560875606
106,1309,12,11.32,15,14.15,0.96115197599812,0.878042854929537
106,1309,18,16.98,14,13.21,0.308557381047864,0.699753014397067
106,1309,18,16.98,14,13.21,0.352018731104117,0.119000637899561
106,1309,18,16.98,10,9.43,0.195876570739818,0.898474524067545
106,1309,12,11.32,7,6.6,0.891701267636007,0.66634407401688
106,1309,10,9.43,3,2.83,0.496759317171248,0.663152201001018
106,1309,18,16.98,6,5.66,0.0348894768994634,0.180073523724186
106,1309,12,11.32,12,11.32,0.59476523722152,0.0593472852040699
106,1309,14,13.21,7,6.6,0.849506617345758,0.839013141594833
106,1309,21,19.81,12,11.32,0.00051576457181681,0.643142201898848
106,1309,17,16.04,16,15.09,0.740658964756532,0.743965188969471
106,1309,12,11.32,8,7.55,0.516744491757656,0.650241691121185
106,1309,16,15.09,7,6.6,0.253072638893416,0.988408927384883
106,1309,13,12.26,6,5.66,0.528138231170895,0.546837660568217
106,1309,14,13.21,6,5.66,0.415210070754958,0.79149064909019
106,1309,18,16.98,10,9.43,0.0131893771456863,0.235613222184371
106,1309,17,16.04,13,12.26,0.20550607760601,0.712441951393325
106,1309,20,18.87,15,14.15,0.11851998452245,0.147442751755983
106,1309,12,11.32,5,4.72,0.451543338255207,0.308577981910977
106,1309,16,15.09,5,4.72,0.630808204747883,0.95540515554372
106,1309,18,16.98,10,9.43,0.0139486249765793,0.337953094498144
106,1309,14,13.21,2,1.89,0.540341408067285,0.71132351559607
106,1309,18,16.98,0,0,0.579291732092926,0.779142777321599
106,1309,11,10.38,0,0,0.942983598847588,0.952827125362174
106,1309,13,12.26,14,13.21,0.951742736428856,0.961986528492503
106,1309,12,11.32,8,7.55,0.474165465057722,0.823184211193665
106,1309,17,16.04,11,10.38,0.550918387184466,0.339024529569843
106,1309,21,19.81,11,10.38,0.138087782391159,0.0479349902285602
106,1309,15,14.15,4,3.77,0.974942397027718,0.999517399663451
106,1309,14,13.21,3,2.83,0.901002066068554,0.907510485197952
106,1309,12,11.32,5,4.72,0.553908458167832,0.598823633383845
106,1309,13,12.26,4,3.77,0.0596940814205526,0.489248917091109
106,1309,15,14.15,8,7.55,0.218287380828479,0.642460897929158
106,1309,16,15.09,10,9.43,0.804677235883287,0.541169343640708
106,1309,13,12.26,6,5.66,0.407753131512622,0.273346780991408
106,1309,14,13.21,8,7.55,0.466451197577744,0.723654550100291
106,1309,13,12.26,13,12.26,0.611693440861709,0.51492967136241
106,1309,14,13.21,8,7.55,0.978729556032022,0.494883624095845
106,1309,14,13.21,4,3.77,0.85882235321383,0.70301988920409
106,1309,18,16.98,6,5.66,0.163765331533654,0.962559005495178
106,1309,16,15.09,16,15.09,0.41993296506933,0.396168015794277
106,1309,15,14.15,5,4.72,0.631629975051115,0.604749356682444
106,1309,18,16.98,9,8.49,0.0502790244202384,0.0442329628379272
106,1309,11,10.38,15,14.15,0.852176653065199,0.686302149303292
106,1309,16,15.09,6,5.66,0.688554882119203,0.97534205820145
106,1309,15,14.15,9,8.49,0.877196391587484,0.452809129629496
106,1309,13,12.26,6,5.66,0.766262841234078,0.535974402210506
106,1309,16,15.09,13,12.26,0.372919090753433,0.759027821872885
106,1309,14,13.21,4,3.77,0.548432865719292,0.741749295225763
106,1309,15,14.15,9,8.49,0.794725389753674,0.24907652183976
106,1309,16,15.09,9,8.49,0.652790276564383,0.684360891553436
106,1309,14,13.21,3,2.83,0.855355189644931,0.610492381606895
106,1309,14,13.21,0,0,0.723213585176938,0.881483881064709
106,1309,9,8.49,5,4.72,0.855651027940419,0.963904153111282
106,1309,17,16.04,1,0.94,0.289782222501349,0.456433712306505
106,1309,9,8.49,7,6.6,0.950685697153583,0.753702677267983
106,1309,17,16.04,9,8.49,0.774267808739486,0.716979449274774
106,1309,18,16.98,2,1.89,0.0941062405665063,0.940777704722586
106,1309,13,12.26,17,16.04,0.979656971237464,0.0944418122459286
106,1309,15,14.15,8,7.55,0.787673048901305,0.321832532504507
106,1309,18,16.98,5,4.72,0.237494648148016,0.0677556018199331
106,1309,14,13.21,6,5.66,0.544841270721885,0.418386286457162
106,1309,18,16.98,1,0.94,0.227210092411722,0.591994544226495
106,1309,12,11.32,0,0,0.75694277332688,0.91801947597317
106,1309,18,16.98,15,14.15,0.281824741085555,0.252231940129446
106,1309,14,13.21,12,11.32,0.229217120661211,0.424600328061541
106,1309,15,14.15,10,9.43,0.0475067370394922,0.960891582188427
106,1309,12,11.32,18,16.98,0.895796451963505,0.00549031520831117
106,1309,17,16.04,7,6.6,0.471443473044197,0.845030729470138
106,1309,11,10.38,0,0,0.955492132964969,0.929712459612777
106,1309,8,7.55,3,2.83,0.995160827114645,0.0842743259951741
106,1309,14,13.21,6,5.66,0.129102244054513,0.88192425478091
106,1309,10,9.43,4,3.77,0.822418198586024,0.605790075781586
106,1309,15,14.15,1,0.94,0.50216051042107,0.261378899206751
106,1309,12,11.32,10,9.43,0.756594879944322,0.402730373996736
106,1309,14,13.21,8,7.55,0.98452614694375,0.122329147045321
106,1309,15,14.15,8,7.55,0.96890682624455,0.251753695318052
106,1309,14,13.21,15,14.15,0.696994393142329,0.327685573006832
106,1309,16,15.09,5,4.72,0.237135309601414,0.815474211873425
106,1309,13,12.26,5,4.72,0.954115672183725,0.558959166421683
106,1309,12,11.32,4,3.77,0.556819966481093,0.045924139903473
106,1309,9,8.49,7,6.6,0.979258002364377,0.326428513696683
106,1309,15,14.15,5,4.72,0.752257631572571,0.807847184038432
106,1309,13,12.26,11,10.38,0.303173935341712,0.363272286583308
106,1309,17,16.04,12,11.32,0.446906384442786,0.679451794225181
106,1309,14,13.21,9,8.49,0.615464962033314,0.57008414209039
106,1309,13,12.26,9,8.49,0.958427680142133,0.706154529332766
106,1309,12,11.32,6,5.66,0.417394736315782,0.508344447150103
106,1309,9,8.49,5,4.72,0.878891863444967,0.847742424582959
106,1309,11,10.38,9,8.49,0.942206451769302,0.564838220131307
106,1309,12,11.32,12,11.32,0.738439499984547,0.0175465925611538
106,1309,13,12.26,6,5.66,0.856141576910801,0.290057425886564
106,1309,9,8.49,3,2.83,0.983690676306109,0.930048850269277
106,1309,10,9.43,0,0,0.709306408125436,0.111961448304657
106,1309,9,8.49,7,6.6,0.972375819199343,0.886175938014054
106,1309,17,16.04,0,0,0.436622877884663,0.587442903050562
106,1309,16,15.09,2,1.89,0.499510061743084,0.594721127978594
106,1309,16,15.09,8,7.55,0.825964706314848,0.502545495188191
106,1309,13,12.26,3,2.83,0.397010934285828,0.806917721810017
106,1309,11,10.38,7,6.6,0.757219387898788,0.951472762612007
106,1309,22,20.75,7,6.6,0.364609249605927,0.618474830150753
106,1309,17,16.04,10,9.43,0.80847001614208,0.759231090006006
106,1309,15,14.15,3,2.83,0.21156567987823,0.077880157991039
106,1309,16,15.09,11,10.38,0.0228496660390022,0.458223440621644
106,1309,15,14.15,6,5.66,0.00956144570631727,0.234349965826292
106,1309,16,15.09,6,5.66,0.469988300578311,0.70460859392551
106,1309,17,16.04,13,12.26,0.561776580190831,0.251753462861034
106,1309,21,19.81,8,7.55,0.213086887489673,0.810327439951103
106,1309,18,16.98,2,1.89,0.302458658618882,0.551201667471463
106,1309,15,14.15,8,7.55,0.614764878404344,0.9561207747651
106,1309,13,12.26,9,8.49,0.78831954885857,0.120083242144578
106,1309,13,12.26,14,13.21,0.917375476600704,0.0416194262929688
106,1309,16,15.09,4,3.77,0.204523093728782,0.709135831237337
106,1309,15,14.15,1,0.94,0.895817953711962,0.246326218174949
106,1309,14,13.21,9,8.49,0.794529566166273,0.0989362038742902
106,1309,15,14.15,0,0,0.00785792861074544,0.0459362564687463
106,1309,13,12.26,13,12.26,0.241316416179753,0.287947017181149
106,1309,18,16.98,9,8.49,0.140661260359612,0.279566385385413
106,1309,9,8.49,3,2.83,0.984472933516348,0.848142667530795
106,1309,12,11.32,15,14.15,0.750986056113789,0.213378987817255
106,1309,16,15.09,10,9.43,0.00379599217368112,0.245319501160696
106,1309,13,12.26,1,0.94,0.846776541732264,0.836764504362967
106,1309,12,11.32,7,6.6,0.451725202683883,0.962894581685545
106,1309,17,16.04,11,10.38,0.685544826859657,0.283612631929211
106,1309,18,16.98,9,8.49,0.623801985807161,0.532249076116182
106,1309,17,16.04,0,0,0.725060484972065,0.898602116764032
106,1309,11,10.38,3,2.83,0.940542491257473,0.923722934282435
106,1309,19,17.92,14,13.21,0.787279050295027,0.882544040959015
106,1309,16,15.09,15,14.15,0.204218589456292,0.896001329742295
106,1309,17,16.04,4,3.77,0.118174506744399,0.376440029946393
106,1309,21,19.81,7,6.6,0.153233671018023,0.529395669595362
106,1309,15,14.15,8,7.55,0.560565558864318,0.80777011443412
106,1309,10,9.43,10,9.43,0.807631930522325,0.0111884478418639
106,1309,13,12.26,2,1.89,0.0950895810366861,0.715686275821765
106,1309,16,15.09,13,12.26,0.0806795777194864,0.278600226760665
106,1309,16,15.09,9,8.49,0.573122420190037,0.95225502149734
106,1309,18,16.98,4,3.77,0.220421205813575,0.995487225919342
106,1309,10,9.43,4,3.77,0.899649035261088,0.911481292566847
106,1309,16,15.09,9,8.49,0.415557024885425,0.0877846540252756
106,1309,12,11.32,1,0.94,0.288244609335063,0.877522325987935
106,1309,21,19.81,13,12.26,0.0389582600214102,0.389006741098463
106,1309,16,15.09,1,0.94,0.34805284040461,0.647840476900298
106,1309,17,16.04,8,7.55,0.089481960966382,0.650867626204505
106,1309,14,13.21,6,5.66,0.288575834218735,0.750078075342956
106,1309,16,15.09,12,11.32,0.504019848910038,0.718824524016689
106,1309,16,15.09,6,5.66,0.19370484038867,0.529128636744483
106,1309,20,18.87,12,11.32,0.000339304005730941,0.0818190205662573
106,1309,13,12.26,7,6.6,0.0300160811190314,0.0219986162692725
106,1309,10,9.43,12,11.32,0.598224951047841,0.622410813568236
106,1309,15,14.15,10,9.43,0.131074575305705,0.121242252490233
106,1309,13,12.26,3,2.83,0.771165756900716,0.984488815863207
106,1309,15,14.15,8,7.55,0.0463635753704117,0.112461047292215
106,1309,16,15.09,7,6.6,0.687530642551056,0.830615539401095
106,1309,15,14.15,1,0.94,0.640872412334557,0.853988568516688
106,1309,15,14.15,10,9.43,0.381622480601546,0.336226415559888
106,1309,17,16.04,11,10.38,0.42574042639862,0.0294405307187445
106,1309,13,12.26,12,11.32,0.660170058606912,0.262685824572429
106,1309,14,13.21,10,9.43,0.408263450543424,0.981098019849563
106,1309,17,16.04,1,0.94,0.267523589423147,0.7196231034322
106,1309,8,7.55,5,4.72,0.933669641504281,0.314120620819974
106,1309,18,16.98,12,11.32,0.574383681009794,0.475282919472281
106,1309,14,13.21,6,5.66,0.575929146674857,0.708835809882317
106,1309,14,13.21,13,12.26,0.711456431998263,0.861381189666602
106,1309,10,9.43,10,9.43,0.975583792591067,0.85999163184919
106,1309,19,17.92,11,10.38,0.318932323873543,0.680170342229734
106,1309,22,20.75,6,5.66,0.0269056958537724,0.0365816255779466
106,1309,11,10.38,0,0,0.693055175167852,0.689046612992786
106,1309,18,16.98,7,6.6,0.644508513983952,0.353229868396604
106,1309,17,16.04,14,13.21,0.748777375147336,0.000505464919288824
106,1309,11,10.38,7,6.6,0.926707718530993,0.845030729470138
106,1309,11,10.38,0,0,0.809117185491731,0.249357686982707
106,1309,15,14.15,3,2.83,0.646207118574944,0.835962535183381
106,1309,15,14.15,8,7.55,0.174163186458674,0.491640138754625
106,1309,15,14.15,1,0.94,0.511588085462817,0.519450917730165
106,1309,13,12.26,9,8.49,0.899609350526025,0.631789805928144
106,1309,21,19.81,10,9.43,0.00930033705603718,0.518847767602514
106,1309,15,14.15,10,9.43,0.269062319925027,0.509957265932358
106,1309,14,13.21,12,11.32,0.701582429625718,0.143692956405841
106,1309,15,14.15,8,7.55,0.583884238197611,0.169521092294471
106,1309,16,15.09,17,16.04,0.78376633856143,0.570880158075634
106,1309,9,8.49,0,0,0.929826465930611,0.929207321825764
106,1309,13,12.26,9,8.49,0.88463261900617,0.287915329219596
106,1309,11,10.38,0,0,0.176373160152247,0.220316831026271
106,1309,16,15.09,11,10.38,0.286750391026184,0.118567805204514
106,1309,16,15.09,0,0,0.119648820304493,0.576296438713134
106,1309,11,10.38,4,3.77,0.789503601461577,0.160264096930564
106,1309,14,13.21,0,0,0.957483649796153,0.978413019131963
106,1309,17,16.04,13,12.26,0.15045980428507,0.250687878901946
106,1309,16,15.09,9,8.49,0.10488232515332,0.321294388741476
106,1309,16,15.09,8,7.55,0.252452414193604,0.0372959555375137
106,1309,13,12.26,12,11.32,0.403314542065345,0.00131431875020394
106,1309,12,11.32,6,5.66,0.858198949169493,0.718334977207349
106,1309,17,16.04,14,13.21,0.726491145979187,0.413019559816345
106,1309,12,11.32,7,6.6,0.763151174139311,0.740233691817728
106,1309,13,12.26,4,3.77,0.896487014831348,0.85654677651665
106,1309,14,13.21,0,0,0.839757059144845,0.449274804622629
106,1309,17,16.04,7,6.6,0.532214232438272,0.762771186149679
106,1309,11,10.38,6,5.66,0.595198303897536,0.423791790350691
106,1309,18,16.98,6,5.66,0.00648556192058915,0.0187238727003695
106,1309,17,16.04,10,9.43,0.677437579491793,0.481256455594404
106,1309,13,12.26,4,3.77,0.634977079894709,0.271747327718828
106,1309,21,19.81,9,8.49,0.391485429317229,0.718593093924565
106,1309,9,8.49,15,14.15,0.78831954885857,0.786601502362009
106,1309,16,15.09,11,10.38,0.626516460220715,0.191327378026963
106,1309,17,16.04,3,2.83,0.734195592693357,0.552466043763498
106,1309,16,15.09,14,13.21,0.419268323807378,0.132723640464385
106,1309,11,10.38,4,3.77,0.911299059621698,0.501269543823004
106,1309,15,14.15,8,7.55,0.239610101578346,0.391412474015627
106,1309,16,15.09,7,6.6,0.429224914904843,0.857872507688427
106,1309,18,16.98,4,3.77,0.263736649490331,0.586641838438239
106,1309,14,13.21,9,8.49,0.779206700200397,0.119028826919233
106,1309,18,16.98,11,10.38,0.275613034191805,0.0282527553745704
106,1309,20,18.87,19,17.92,0.324652487712397,0.469265080680333
106,1309,13,12.26,10,9.43,0.795974559086607,0.54232557541805
106,1309,16,15.09,0,0,0.466714806938594,0.140033590475151
106,1309,16,15.09,3,2.83,0.552653779137988,0.899872379917452
106,1309,19,17.92,15,14.15,0.0389800853226252,0.343925951458682
106,1309,14,13.21,10,9.43,0.382387054907167,0.14009223902084
106,1309,15,14.15,6,5.66,0.66368103245822,0.855469852066732
106,1309,15,14.15,14,13.21,0.862986728804143,0.561615076557227
106,1309,15,14.15,7,6.6,0.813405189347433,0.773204680894699
106,1309,18,16.98,9,8.49,0.113909246669145,0.646814172368864
106,1309,21,19.81,3,2.83,0.46508930992488,0.501298579968952
106,1309,16,15.09,9,8.49,0.344183488727794,0.404710765253832
106,1309,17,16.04,10,9.43,0.866706411179662,0.848233553126054
106,1309,16,15.09,4,3.77,0.723581948626311,0.919916507240843
106,1309,20,18.87,5,4.72,0.230500963415789,0.785334983267334
106,1309,18,16.98,13,12.26,0.112207962834723,0.309061312879456
106,1309,10,9.43,2,1.89,0.688323094866335,0.540275768861983
106,1309,10,9.43,4,3.77,0.698576835861615,0.87498679728579
106,1309,11,10.38,6,5.66,0.869204252295656,0.517818956448859
106,1309,19,17.92,17,16.04,0.336479979320622,0.792308012737355
106,1309,11,10.38,2,1.89,0.373977093987725,0.795919649149463
106,1309,18,16.98,2,1.89,0.96426949793637,0.970350460786405
106,1309,15,14.15,13,12.26,0.264176587666211,0.451751400807951
106,1309,17,16.04,4,3.77,0.791397914469774,0.675415191846369
106,1309,15,14.15,3,2.83,0.76732204277082,0.940169035994209
106,1309,15,14.15,6,5.66,0.886691710166804,0.98402913814143
106,1309,14,13.21,0,0,0.977465296596208,0.974995566746624
106,1309,8,7.55,5,4.72,0.98848287939361,0.998156141042502
106,1309,14,13.21,5,4.72,0.866397944786336,0.811611987597454
106,1309,11,10.38,3,2.83,0.936022320435049,0.951959495763671
106,1309,16,15.09,11,10.38,0.0177547033259512,0.38753570021007
106,1309,16,15.09,10,9.43,0.203869118000614,0.6653633929463
106,1309,15,14.15,6,5.66,0.602863970222965,0.104930442266128
106,1309,21,19.81,14,13.21,0.415655188494261,0.690910976877121
106,1309,13,12.26,11,10.38,0.185132642739528,0.380691076018684
106,1309,16,15.09,10,9.43,0.292046946887767,0.839369899264897
106,1309,19,17.92,11,10.38,0.0634138739964494,0.284721621729853
106,1309,20,18.87,5,4.72,0.0298276912855465,0.313219055063002
106,1309,13,12.26,9,8.49,0.508144202114085,0.668822135437807
106,1309,12,11.32,0,0,0.802584030775237,0.677955033330035
106,1309,15,14.15,6,5.66,0.230542675742143,0.87905073026703
106,1309,15,14.15,2,1.89,0.496801406843434,0.807847184038432
106,1309,16,15.09,4,3.77,0.746334894484206,0.649740722857281
106,1309,16,15.09,10,9.43,0.774057107518743,0.446170076387724
106,1309,15,14.15,6,5.66,0.904237150475792,0.993374327885502
106,1309,14,13.21,3,2.83,0.892107996948202,0.960574845974245
106,1309,20,18.87,10,9.43,0.388997351031898,0.179616502049762
106,1309,12,11.32,5,4.72,0.905545014663164,0.00189640226973364
106,1309,11,10.38,3,2.83,0.990861672351059,0.636300840477575
106,1309,16,15.09,8,7.55,0.861134824009208,0.423315966105177
106,1309,14,13.21,12,11.32,0.780843796684273,0.787766906600368
106,1309,15,14.15,9,8.49,0.601142017762473,0.81134009774001
106,1309,15,14.15,10,9.43,0.0941178933150153,0.522161064978481
106,1309,18,16.98,13,12.26,0.0259091428033439,0.000224126697753402
106,1309,16,15.09,13,12.26,0.258680336424163,0.317353603626005
